Model,True B/A,Inferred B/A,B/A Mean,B/A Std,True C/A,Inferred C/A,C/A Mean,C/A Std,True σB,Inferred σB,σB Mean,σB Std,True σC,Inferred σC,σC Mean,σC Std
disk,0.9,0.8939163631707067,0.8812043235081581,0.043880011285777974,0.2,0.20037223075768876,0.225523507269825,0.07818298400172233,0.0,0.0027093328113641435,0.045878490280248645,0.0917621047357563,0.0,6.485029099710534e-05,0.017934267063254215,0.07439959498765555
spheroid,0.9,0.9071399972882351,0.9553866237836868,0.06703223784139091,0.9,0.890682117149273,0.8707237685250017,0.05027978166536958,0.0,0.006744484640148524,0.0173274342747905,0.07108592900949823,0.0,0.002514606424101839,-0.0015141251738128266,0.057737453299199076
prolate,0.1,0.10333124779308217,0.14734803750870787,0.08323062698675239,0.1,0.09535652306912124,0.10224160909900946,0.05806463067418805,0.0,0.0014820641622493435,0.003474631392513296,0.07311229495636173,0.0,0.003131401105679272,0.0197078248623176,0.07500729501712124
Triaxial,0.75,0.7494310698998053,0.7436651833766309,0.047070245670618294,0.4,0.4029810706210562,0.4217537846906236,0.06766701563952145,0.0,0.008169353841310352,0.01801572485075956,0.055217942318100594,0.0,0.0010797820011198035,0.029706410656070957,0.07762511926521326
